,period,Alaska Field Production of Crude Oil (Thousand Barrels per Day),Colorado Field Production of Crude Oil (Thousand Barrels per Day),Federal Offshore--Gulf of Mexico Field Production of Crude Oil (Thousand Barrels per Day),New Mexico Field Production of Crude Oil (Thousand Barrels per Day),North Dakota Field Production of Crude Oil (Thousand Barrels per Day),Oklahoma Field Production of Crude Oil (Thousand Barrels per Day),Texas Field Production of Crude Oil (Thousand Barrels per Day),Year,Month
0,1960-01-01,1.0,,,,,,,1960,1
1,1960-02-01,1.0,,,,,,,1960,2
2,1960-03-01,1.0,,,,,,,1960,3
3,1960-04-01,0.0,,,,,,,1960,4
4,1960-05-01,0.0,,,,,,,1960,5
5,1960-06-01,1.0,,,,,,,1960,6
6,1960-07-01,1.0,,,,,,,1960,7
7,1960-08-01,1.0,,,,,,,1960,8
8,1960-09-01,1.0,,,,,,,1960,9
9,1960-10-01,3.0,,,,,,,1960,10
10,1960-11-01,4.0,,,,,,,1960,11
11,1960-12-01,5.0,,,,,,,1960,12
12,1961-01-01,6.0,,,,,,,1961,1
13,1961-02-01,9.0,,,,,,,1961,2
14,1961-03-01,10.0,,,,,,,1961,3
15,1961-04-01,13.0,,,,,,,1961,4
16,1961-05-01,15.0,,,,,,,1961,5
17,1961-06-01,18.0,,,,,,,1961,6
18,1961-07-01,19.0,,,,,,,1961,7
19,1961-08-01,21.0,,,,,,,1961,8
20,1961-09-01,22.0,,,,,,,1961,9
21,1961-10-01,23.0,,,,,,,1961,10
22,1961-11-01,27.0,,,,,,,1961,11
23,1961-12-01,26.0,,,,,,,1961,12
24,1962-01-01,26.0,,,,,,,1962,1
25,1962-02-01,27.0,,,,,,,1962,2
26,1962-03-01,27.0,,,,,,,1962,3
27,1962-04-01,28.0,,,,,,,1962,4
28,1962-05-01,28.0,,,,,,,1962,5
29,1962-06-01,29.0,,,,,,,1962,6
30,1962-07-01,28.0,,,,,,,1962,7
31,1962-08-01,29.0,,,,,,,1962,8
32,1962-09-01,28.0,,,,,,,1962,9
33,1962-10-01,29.0,,,,,,,1962,10
34,1962-11-01,29.0,,,,,,,1962,11
35,1962-12-01,29.0,,,,,,,1962,12
36,1963-01-01,30.0,,,,,,,1963,1
37,1963-02-01,29.0,,,,,,,1963,2
38,1963-03-01,29.0,,,,,,,1963,3
39,1963-04-01,29.0,,,,,,,1963,4
40,1963-05-01,29.0,,,,,,,1963,5
41,1963-06-01,29.0,,,,,,,1963,6
42,1963-07-01,29.0,,,,,,,1963,7
43,1963-08-01,29.0,,,,,,,1963,8
44,1963-09-01,30.0,,,,,,,1963,9
45,1963-10-01,30.0,,,,,,,1963,10
46,1963-11-01,30.0,,,,,,,1963,11
47,1963-12-01,30.0,,,,,,,1963,12
48,1964-01-01,30.0,,,,,,,1964,1
49,1964-02-01,31.0,,,,,,,1964,2
50,1964-03-01,28.0,,,,,,,1964,3
51,1964-04-01,30.0,,,,,,,1964,4
52,1964-05-01,31.0,,,,,,,1964,5
53,1964-06-01,31.0,,,,,,,1964,6
54,1964-07-01,30.0,,,,,,,1964,7
55,1964-08-01,30.0,,,,,,,1964,8
56,1964-09-01,30.0,,,,,,,1964,9
57,1964-10-01,31.0,,,,,,,1964,10
58,1964-11-01,30.0,,,,,,,1964,11
59,1964-12-01,30.0,,,,,,,1964,12
60,1965-01-01,30.0,,,,,,,1965,1
61,1965-02-01,30.0,,,,,,,1965,2
62,1965-03-01,30.0,,,,,,,1965,3
63,1965-04-01,30.0,,,,,,,1965,4
64,1965-05-01,30.0,,,,,,,1965,5
65,1965-06-01,31.0,,,,,,,1965,6
66,1965-07-01,30.0,,,,,,,1965,7
67,1965-08-01,31.0,,,,,,,1965,8
68,1965-09-01,30.0,,,,,,,1965,9
69,1965-10-01,30.0,,,,,,,1965,10
70,1965-11-01,30.0,,,,,,,1965,11
71,1965-12-01,32.0,,,,,,,1965,12
72,1966-01-01,32.0,,,,,,,1966,1
73,1966-02-01,34.0,,,,,,,1966,2
74,1966-03-01,31.0,,,,,,,1966,3
75,1966-04-01,31.0,,,,,,,1966,4
76,1966-05-01,37.0,,,,,,,1966,5
77,1966-06-01,36.0,,,,,,,1966,6
78,1966-07-01,39.0,,,,,,,1966,7
79,1966-08-01,42.0,,,,,,,1966,8
80,1966-09-01,41.0,,,,,,,1966,9
81,1966-10-01,47.0,,,,,,,1966,10
82,1966-11-01,50.0,,,,,,,1966,11
83,1966-12-01,51.0,,,,,,,1966,12
84,1967-01-01,53.0,,,,,,,1967,1
85,1967-02-01,55.0,,,,,,,1967,2
86,1967-03-01,52.0,,,,,,,1967,3
87,1967-04-01,52.0,,,,,,,1967,4
88,1967-05-01,61.0,,,,,,,1967,5
89,1967-06-01,69.0,,,,,,,1967,6
90,1967-07-01,72.0,,,,,,,1967,7
91,1967-08-01,77.0,,,,,,,1967,8
92,1967-09-01,91.0,,,,,,,1967,9
93,1967-10-01,111.0,,,,,,,1967,10
94,1967-11-01,134.0,,,,,,,1967,11
95,1967-12-01,129.0,,,,,,,1967,12
96,1968-01-01,149.0,,,,,,,1968,1
97,1968-02-01,154.0,,,,,,,1968,2
98,1968-03-01,173.0,,,,,,,1968,3
99,1968-04-01,175.0,,,,,,,1968,4
100,1968-05-01,186.0,,,,,,,1968,5
101,1968-06-01,197.0,,,,,,,1968,6
102,1968-07-01,195.0,,,,,,,1968,7
103,1968-08-01,194.0,,,,,,,1968,8
104,1968-09-01,181.0,,,,,,,1968,9
105,1968-10-01,182.0,,,,,,,1968,10
106,1968-11-01,191.0,,,,,,,1968,11
107,1968-12-01,192.0,,,,,,,1968,12
108,1969-01-01,177.0,,,,,,,1969,1
109,1969-02-01,184.0,,,,,,,1969,2
110,1969-03-01,190.0,,,,,,,1969,3
111,1969-04-01,201.0,,,,,,,1969,4
112,1969-05-01,211.0,,,,,,,1969,5
113,1969-06-01,202.0,,,,,,,1969,6
114,1969-07-01,193.0,,,,,,,1969,7
115,1969-08-01,203.0,,,,,,,1969,8
116,1969-09-01,184.0,,,,,,,1969,9
117,1969-10-01,218.0,,,,,,,1969,10
118,1969-11-01,219.0,,,,,,,1969,11
119,1969-12-01,216.0,,,,,,,1969,12
120,1970-01-01,235.0,,,,,,,1970,1
121,1970-02-01,218.0,,,,,,,1970,2
122,1970-03-01,224.0,,,,,,,1970,3
123,1970-04-01,226.0,,,,,,,1970,4
124,1970-05-01,237.0,,,,,,,1970,5
125,1970-06-01,229.0,,,,,,,1970,6
126,1970-07-01,231.0,,,,,,,1970,7
127,1970-08-01,222.0,,,,,,,1970,8
128,1970-09-01,222.0,,,,,,,1970,9
129,1970-10-01,238.0,,,,,,,1970,10
130,1970-11-01,241.0,,,,,,,1970,11
131,1970-12-01,226.0,,,,,,,1970,12
132,1971-01-01,199.0,,,,,,,1971,1
133,1971-02-01,211.0,,,,,,,1971,2
134,1971-03-01,209.0,,,,,,,1971,3
135,1971-04-01,216.0,,,,,,,1971,4
136,1971-05-01,232.0,,,,,,,1971,5
137,1971-06-01,228.0,,,,,,,1971,6
138,1971-07-01,230.0,,,,,,,1971,7
139,1971-08-01,223.0,,,,,,,1971,8
140,1971-09-01,220.0,,,,,,,1971,9
141,1971-10-01,221.0,,,,,,,1971,10
142,1971-11-01,218.0,,,,,,,1971,11
143,1971-12-01,208.0,,,,,,,1971,12
144,1972-01-01,207.0,,,,,,,1972,1
145,1972-02-01,188.0,,,,,,,1972,2
146,1972-03-01,202.0,,,,,,,1972,3
147,1972-04-01,202.0,,,,,,,1972,4
148,1972-05-01,201.0,,,,,,,1972,5
149,1972-06-01,203.0,,,,,,,1972,6
150,1972-07-01,202.0,,,,,,,1972,7
151,1972-08-01,195.0,,,,,,,1972,8
152,1972-09-01,196.0,,,,,,,1972,9
153,1972-10-01,198.0,,,,,,,1972,10
154,1972-11-01,198.0,,,,,,,1972,11
155,1972-12-01,197.0,,,,,,,1972,12
156,1973-01-01,195.0,,,,,,,1973,1
157,1973-02-01,216.0,,,,,,,1973,2
158,1973-03-01,174.0,,,,,,,1973,3
159,1973-04-01,197.0,,,,,,,1973,4
160,1973-05-01,200.0,,,,,,,1973,5
161,1973-06-01,198.0,,,,,,,1973,6
162,1973-07-01,202.0,,,,,,,1973,7
163,1973-08-01,207.0,,,,,,,1973,8
164,1973-09-01,201.0,,,,,,,1973,9
165,1973-10-01,200.0,,,,,,,1973,10
166,1973-11-01,195.0,,,,,,,1973,11
167,1973-12-01,196.0,,,,,,,1973,12
168,1974-01-01,191.0,,,,,,,1974,1
169,1974-02-01,190.0,,,,,,,1974,2
170,1974-03-01,183.0,,,,,,,1974,3
171,1974-04-01,180.0,,,,,,,1974,4
172,1974-05-01,191.0,,,,,,,1974,5
173,1974-06-01,202.0,,,,,,,1974,6
174,1974-07-01,202.0,,,,,,,1974,7
175,1974-08-01,200.0,,,,,,,1974,8
176,1974-09-01,196.0,,,,,,,1974,9
177,1974-10-01,197.0,,,,,,,1974,10
178,1974-11-01,196.0,,,,,,,1974,11
179,1974-12-01,191.0,,,,,,,1974,12
180,1975-01-01,193.0,,,,,,,1975,1
181,1975-02-01,192.0,,,,,,,1975,2
182,1975-03-01,190.0,,,,,,,1975,3
183,1975-04-01,188.0,,,,,,,1975,4
184,1975-05-01,192.0,,,,,,,1975,5
185,1975-06-01,190.0,,,,,,,1975,6
186,1975-07-01,190.0,,,,,,,1975,7
187,1975-08-01,190.0,,,,,,,1975,8
188,1975-09-01,195.0,,,,,,,1975,9
189,1975-10-01,192.0,,,,,,,1975,10
190,1975-11-01,192.0,,,,,,,1975,11
191,1975-12-01,192.0,,,,,,,1975,12
192,1976-01-01,193.0,,,,,,,1976,1
193,1976-02-01,191.0,,,,,,,1976,2
194,1976-03-01,190.0,,,,,,,1976,3
195,1976-04-01,159.0,,,,,,,1976,4
196,1976-05-01,149.0,,,,,,,1976,5
197,1976-06-01,150.0,,,,,,,1976,6
198,1976-07-01,171.0,,,,,,,1976,7
199,1976-08-01,173.0,,,,,,,1976,8
200,1976-09-01,172.0,,,,,,,1976,9
201,1976-10-01,179.0,,,,,,,1976,10
202,1976-11-01,175.0,,,,,,,1976,11
203,1976-12-01,175.0,,,,,,,1976,12
204,1977-01-01,172.0,,,,,,,1977,1
205,1977-02-01,167.0,,,,,,,1977,2
206,1977-03-01,164.0,,,,,,,1977,3
207,1977-04-01,163.0,,,,,,,1977,4
208,1977-05-01,166.0,,,,,,,1977,5
209,1977-06-01,285.0,,,,,,,1977,6
210,1977-07-01,371.0,,,,,,,1977,7
211,1977-08-01,638.0,,,,,,,1977,8
212,1977-09-01,861.0,,,,,,,1977,9
213,1977-10-01,839.0,,,,,,,1977,10
214,1977-11-01,859.0,,,,,,,1977,11
215,1977-12-01,858.0,,,,,,,1977,12
216,1978-01-01,869.0,,,,,,,1978,1
217,1978-02-01,854.0,,,,,,,1978,2
218,1978-03-01,1151.0,,,,,,,1978,3
219,1978-04-01,1289.0,,,,,,,1978,4
220,1978-05-01,1281.0,,,,,,,1978,5
221,1978-06-01,1306.0,,,,,,,1978,6
222,1978-07-01,1295.0,,,,,,,1978,7
223,1978-08-01,1316.0,,,,,,,1978,8
224,1978-09-01,1322.0,,,,,,,1978,9
225,1978-10-01,1342.0,,,,,,,1978,10
226,1978-11-01,1351.0,,,,,,,1978,11
227,1978-12-01,1347.0,,,,,,,1978,12
228,1979-01-01,1351.0,,,,,,,1979,1
229,1979-02-01,1266.0,,,,,,,1979,2
230,1979-03-01,1355.0,,,,,,,1979,3
231,1979-04-01,1346.0,,,,,,,1979,4
232,1979-05-01,1349.0,,,,,,,1979,5
233,1979-06-01,1246.0,,,,,,,1979,6
234,1979-07-01,1405.0,,,,,,,1979,7
235,1979-08-01,1433.0,,,,,,,1979,8
236,1979-09-01,1436.0,,,,,,,1979,9
237,1979-10-01,1480.0,,,,,,,1979,10
238,1979-11-01,1613.0,,,,,,,1979,11
239,1979-12-01,1519.0,,,,,,,1979,12
240,1980-01-01,1634.0,,,,,,,1980,1
241,1980-02-01,1630.0,,,,,,,1980,2
242,1980-03-01,1647.0,,,,,,,1980,3
243,1980-04-01,1649.0,,,,,,,1980,4
244,1980-05-01,1627.0,,,,,,,1980,5
245,1980-06-01,1626.0,,,,,,,1980,6
246,1980-07-01,1612.0,,,,,,,1980,7
247,1980-08-01,1612.0,,,,,,,1980,8
248,1980-09-01,1610.0,,,,,,,1980,9
249,1980-10-01,1588.0,,,,,,,1980,10
250,1980-11-01,1561.0,,,,,,,1980,11
251,1980-12-01,1602.0,,,,,,,1980,12
252,1981-01-01,1606.0,81.0,715.0,203.0,122.0,392.0,2600.0,1981,1
253,1981-02-01,1620.0,81.0,717.0,200.0,125.0,438.0,2593.0,1981,2
254,1981-03-01,1618.0,82.0,725.0,197.0,122.0,429.0,2604.0,1981,3
255,1981-04-01,1608.0,83.0,720.0,197.0,127.0,397.0,2578.0,1981,4
256,1981-05-01,1580.0,81.0,651.0,195.0,128.0,419.0,2577.0,1981,5
257,1981-06-01,1632.0,82.0,713.0,192.0,128.0,430.0,2568.0,1981,6
258,1981-07-01,1605.0,81.0,720.0,192.0,124.0,377.0,2537.0,1981,7
259,1981-08-01,1602.0,80.0,745.0,194.0,124.0,443.0,2528.0,1981,8
260,1981-09-01,1607.0,82.0,725.0,194.0,126.0,452.0,2534.0,1981,9
261,1981-10-01,1596.0,89.0,728.0,195.0,125.0,425.0,2528.0,1981,10
262,1981-11-01,1614.0,88.0,735.0,195.0,121.0,438.0,2505.0,1981,11
263,1981-12-01,1623.0,87.0,737.0,199.0,121.0,429.0,2505.0,1981,12
264,1982-01-01,1705.0,84.0,728.0,194.0,114.0,422.0,2494.0,1982,1
265,1982-02-01,1707.0,84.0,740.0,196.0,122.0,501.0,2518.0,1982,2
266,1982-03-01,1696.0,88.0,750.0,199.0,123.0,433.0,2526.0,1982,3
267,1982-04-01,1691.0,88.0,750.0,202.0,125.0,360.0,2533.0,1982,4
268,1982-05-01,1707.0,86.0,781.0,195.0,127.0,457.0,2500.0,1982,5
269,1982-06-01,1665.0,87.0,779.0,194.0,130.0,444.0,2478.0,1982,6
270,1982-07-01,1710.0,84.0,792.0,192.0,131.0,421.0,2464.0,1982,7
271,1982-08-01,1697.0,82.0,798.0,194.0,134.0,422.0,2455.0,1982,8
272,1982-09-01,1705.0,82.0,796.0,195.0,136.0,456.0,2487.0,1982,9
273,1982-10-01,1706.0,82.0,821.0,201.0,135.0,437.0,2470.0,1982,10
274,1982-11-01,1676.0,80.0,832.0,203.0,137.0,440.0,2483.0,1982,11
275,1982-12-01,1682.0,77.0,855.0,171.0,141.0,427.0,2455.0,1982,12
276,1983-01-01,1732.0,81.0,836.0,203.0,140.0,436.0,2444.0,1983,1
277,1983-02-01,1717.0,79.0,846.0,207.0,142.0,449.0,2466.0,1983,2
278,1983-03-01,1732.0,77.0,842.0,208.0,143.0,443.0,2453.0,1983,3
279,1983-04-01,1721.0,77.0,863.0,207.0,142.0,456.0,2461.0,1983,4
280,1983-05-01,1662.0,77.0,864.0,203.0,137.0,432.0,2428.0,1983,5
281,1983-06-01,1687.0,77.0,857.0,203.0,138.0,445.0,2434.0,1983,6
282,1983-07-01,1715.0,85.0,853.0,203.0,137.0,414.0,2417.0,1983,7
283,1983-08-01,1697.0,79.0,881.0,208.0,136.0,451.0,2400.0,1983,8
284,1983-09-01,1738.0,82.0,915.0,209.0,139.0,435.0,2424.0,1983,9
285,1983-10-01,1733.0,82.0,924.0,211.0,140.0,429.0,2415.0,1983,10
286,1983-11-01,1720.0,82.0,906.0,211.0,139.0,464.0,2428.0,1983,11
287,1983-12-01,1711.0,76.0,924.0,198.0,134.0,363.0,2265.0,1983,12
288,1984-01-01,1752.0,76.0,953.0,211.0,139.0,451.0,2469.0,1984,1
289,1984-02-01,1749.0,79.0,935.0,218.0,143.0,495.0,2427.0,1984,2
290,1984-03-01,1570.0,81.0,961.0,218.0,144.0,440.0,2436.0,1984,3
291,1984-04-01,1770.0,81.0,908.0,213.0,142.0,474.0,2425.0,1984,4
292,1984-05-01,1764.0,81.0,969.0,216.0,143.0,454.0,2413.0,1984,5
293,1984-06-01,1659.0,81.0,964.0,216.0,145.0,467.0,2408.0,1984,6
294,1984-07-01,1695.0,77.0,968.0,215.0,146.0,468.0,2399.0,1984,7
295,1984-08-01,1722.0,76.0,956.0,216.0,148.0,394.0,2391.0,1984,8
296,1984-09-01,1761.0,78.0,958.0,216.0,144.0,509.0,2399.0,1984,9
297,1984-10-01,1732.0,78.0,943.0,220.0,146.0,450.0,2388.0,1984,10
298,1984-11-01,1781.0,78.0,953.0,222.0,143.0,476.0,2401.0,1984,11
299,1984-12-01,1720.0,78.0,999.0,221.0,143.0,450.0,2402.0,1984,12
300,1985-01-01,1647.0,86.0,973.0,219.0,141.0,446.0,2366.0,1985,1
301,1985-02-01,1877.0,82.0,992.0,217.0,140.0,438.0,2370.0,1985,2
302,1985-03-01,1866.0,85.0,1004.0,220.0,143.0,449.0,2390.0,1985,3
303,1985-04-01,1784.0,86.0,940.0,220.0,142.0,459.0,2461.0,1985,4
304,1985-05-01,1888.0,84.0,992.0,216.0,140.0,458.0,2387.0,1985,5
305,1985-06-01,1871.0,82.0,978.0,214.0,142.0,428.0,2365.0,1985,6
306,1985-07-01,1809.0,80.0,960.0,212.0,140.0,440.0,2366.0,1985,7
307,1985-08-01,1795.0,82.0,816.0,213.0,140.0,449.0,2372.0,1985,8
308,1985-09-01,1867.0,82.0,906.0,212.0,139.0,429.0,2355.0,1985,9
309,1985-10-01,1850.0,82.0,886.0,211.0,139.0,460.0,2374.0,1985,10
310,1985-11-01,1804.0,82.0,859.0,212.0,137.0,439.0,2390.0,1985,11
311,1985-12-01,1852.0,82.0,989.0,216.0,129.0,453.0,2381.0,1985,12
312,1986-01-01,1870.0,85.0,994.0,219.0,134.0,468.0,2391.0,1986,1
313,1986-02-01,1907.0,84.0,1015.0,220.0,134.0,450.0,2384.0,1986,2
314,1986-03-01,1860.0,85.0,990.0,218.0,131.0,444.0,2366.0,1986,3
315,1986-04-01,1836.0,82.0,983.0,210.0,130.0,427.0,2313.0,1986,4
316,1986-05-01,1927.0,82.0,995.0,210.0,128.0,406.0,2271.0,1986,5
317,1986-06-01,1887.0,80.0,928.0,211.0,126.0,402.0,2227.0,1986,6
318,1986-07-01,1903.0,78.0,958.0,205.0,122.0,399.0,2214.0,1986,7
319,1986-08-01,1811.0,78.0,939.0,198.0,120.0,375.0,2178.0,1986,8
320,1986-09-01,1782.0,77.0,945.0,198.0,118.0,387.0,2163.0,1986,9
321,1986-10-01,1927.0,78.0,908.0,203.0,118.0,386.0,2150.0,1986,10
322,1986-11-01,1883.0,77.0,929.0,201.0,120.0,370.0,2153.0,1986,11
323,1986-12-01,1807.0,77.0,938.0,199.0,119.0,392.0,2144.0,1986,12
324,1987-01-01,2019.0,77.0,937.0,198.0,118.0,353.0,2133.0,1987,1
325,1987-02-01,1853.0,77.0,950.0,199.0,118.0,380.0,2143.0,1987,2
326,1987-03-01,1968.0,78.0,920.0,199.0,117.0,390.0,2134.0,1987,3
327,1987-04-01,1990.0,78.0,910.0,197.0,117.0,389.0,2125.0,1987,4
328,1987-05-01,1979.0,78.0,890.0,195.0,114.0,357.0,2079.0,1987,5
329,1987-06-01,1930.0,80.0,881.0,194.0,113.0,373.0,2061.0,1987,6
330,1987-07-01,1910.0,80.0,874.0,196.0,113.0,368.0,2054.0,1987,7
331,1987-08-01,1908.0,80.0,867.0,198.0,109.0,361.0,2045.0,1987,8
332,1987-09-01,1874.0,81.0,881.0,201.0,111.0,366.0,2054.0,1987,9
333,1987-10-01,1986.0,80.0,876.0,203.0,110.0,375.0,2069.0,1987,10
334,1987-11-01,2068.0,77.0,870.0,200.0,110.0,360.0,2070.0,1987,11
335,1987-12-01,2043.0,81.0,852.0,199.0,110.0,348.0,2054.0,1987,12
336,1988-01-01,1999.0,82.0,851.0,199.0,108.0,353.0,2062.0,1988,1
337,1988-02-01,2070.0,87.0,838.0,201.0,109.0,378.0,2068.0,1988,2
338,1988-03-01,2086.0,88.0,852.0,200.0,109.0,362.0,2060.0,1988,3
339,1988-04-01,2029.0,91.0,845.0,196.0,110.0,364.0,2043.0,1988,4
340,1988-05-01,2016.0,89.0,842.0,192.0,110.0,363.0,2024.0,1988,5
341,1988-06-01,1984.0,92.0,838.0,194.0,110.0,359.0,2012.0,1988,6
342,1988-07-01,1960.0,90.0,829.0,191.0,108.0,342.0,1988.0,1988,7
343,1988-08-01,2009.0,90.0,789.0,194.0,107.0,349.0,1983.0,1988,8
344,1988-09-01,2019.0,89.0,681.0,193.0,106.0,343.0,1967.0,1988,9
345,1988-10-01,2010.0,89.0,809.0,193.0,106.0,335.0,1982.0,1988,10
346,1988-11-01,2027.0,88.0,826.0,192.0,105.0,337.0,1972.0,1988,11
347,1988-12-01,1996.0,86.0,817.0,191.0,102.0,344.0,1956.0,1988,12
348,1989-01-01,1958.0,88.0,825.0,198.0,103.0,346.0,1959.0,1989,1
349,1989-02-01,1962.0,85.0,821.0,191.0,101.0,313.0,1911.0,1989,2
350,1989-03-01,1686.0,86.0,806.0,193.0,102.0,338.0,1929.0,1989,3
351,1989-04-01,1890.0,87.0,809.0,189.0,100.0,337.0,1924.0,1989,4
352,1989-05-01,1973.0,86.0,798.0,191.0,100.0,329.0,1906.0,1989,5
353,1989-06-01,1861.0,85.0,783.0,186.0,98.0,323.0,1879.0,1989,6
354,1989-07-01,1725.0,82.0,758.0,186.0,101.0,318.0,1871.0,1989,7
355,1989-08-01,1870.0,82.0,740.0,185.0,100.0,317.0,1868.0,1989,8
356,1989-09-01,1875.0,81.0,755.0,184.0,99.0,318.0,1857.0,1989,9
357,1989-10-01,1877.0,83.0,678.0,187.0,102.0,319.0,1854.0,1989,10
358,1989-11-01,1915.0,83.0,711.0,188.0,103.0,315.0,1864.0,1989,11
359,1989-12-01,1904.0,79.0,692.0,181.0,100.0,289.0,1803.0,1989,12
360,1990-01-01,1864.0,83.0,755.0,186.0,101.0,336.0,1873.0,1990,1
361,1990-02-01,1834.0,84.0,761.0,186.0,101.0,308.0,1882.0,1990,2
362,1990-03-01,1819.0,85.0,740.0,186.0,101.0,308.0,1858.0,1990,3
363,1990-04-01,1802.0,85.0,767.0,183.0,101.0,305.0,1846.0,1990,4
364,1990-05-01,1765.0,86.0,727.0,183.0,101.0,309.0,1840.0,1990,5
365,1990-06-01,1612.0,84.0,727.0,180.0,100.0,300.0,1822.0,1990,6
366,1990-07-01,1687.0,83.0,730.0,179.0,99.0,303.0,1826.0,1990,7
367,1990-08-01,1727.0,82.0,729.0,182.0,100.0,317.0,1848.0,1990,8
368,1990-09-01,1702.0,84.0,716.0,182.0,101.0,301.0,1851.0,1990,9
369,1990-10-01,1884.0,84.0,745.0,188.0,101.0,315.0,1897.0,1990,10
370,1990-11-01,1746.0,84.0,735.0,189.0,102.0,313.0,1900.0,1990,11
371,1990-12-01,1838.0,78.0,740.0,185.0,100.0,277.0,1865.0,1990,12
372,1991-01-01,1848.0,84.0,777.0,195.0,101.0,297.0,1917.0,1991,1
373,1991-02-01,1908.0,86.0,776.0,198.0,102.0,309.0,1931.0,1991,2
374,1991-03-01,1887.0,86.0,787.0,196.0,101.0,307.0,1913.0,1991,3
375,1991-04-01,1798.0,87.0,811.0,198.0,101.0,310.0,1905.0,1991,4
376,1991-05-01,1771.0,88.0,797.0,194.0,101.0,303.0,1887.0,1991,5
377,1991-06-01,1757.0,88.0,793.0,190.0,100.0,297.0,1844.0,1991,6
378,1991-07-01,1775.0,85.0,786.0,187.0,99.0,297.0,1841.0,1991,7
379,1991-08-01,1731.0,85.0,780.0,190.0,98.0,293.0,1849.0,1991,8
380,1991-09-01,1787.0,85.0,815.0,189.0,94.0,286.0,1843.0,1991,9
381,1991-10-01,1843.0,85.0,832.0,193.0,94.0,290.0,1844.0,1991,10
382,1991-11-01,1765.0,85.0,795.0,192.0,94.0,285.0,1847.0,1991,11
383,1991-12-01,1718.0,88.0,843.0,193.0,94.0,282.0,1824.0,1991,12
384,1992-01-01,1789.0,83.0,863.0,190.0,93.0,283.0,1817.0,1992,1
385,1992-02-01,1808.0,84.0,858.0,197.0,93.0,284.0,1812.0,1992,2
386,1992-03-01,1785.0,82.0,858.0,195.0,92.0,289.0,1814.0,1992,3
387,1992-04-01,1741.0,85.0,838.0,194.0,91.0,290.0,1802.0,1992,4
388,1992-05-01,1682.0,83.0,843.0,193.0,91.0,275.0,1773.0,1992,5
389,1992-06-01,1703.0,82.0,844.0,192.0,90.0,280.0,1755.0,1992,6
390,1992-07-01,1655.0,80.0,846.0,190.0,89.0,278.0,1758.0,1992,7
391,1992-08-01,1635.0,79.0,721.0,190.0,89.0,277.0,1765.0,1992,8
392,1992-09-01,1700.0,82.0,739.0,189.0,89.0,273.0,1764.0,1992,9
393,1992-10-01,1696.0,82.0,813.0,188.0,88.0,273.0,1769.0,1992,10
394,1992-11-01,1674.0,78.0,819.0,188.0,87.0,259.0,1753.0,1992,11
395,1992-12-01,1705.0,78.0,825.0,188.0,86.0,277.0,1751.0,1992,12
396,1993-01-01,1654.0,79.0,819.0,189.0,86.0,265.0,1747.0,1993,1
397,1993-02-01,1628.0,81.0,822.0,191.0,87.0,265.0,1744.0,1993,2
398,1993-03-01,1639.0,83.0,810.0,191.0,87.0,282.0,1736.0,1993,3
399,1993-04-01,1587.0,75.0,813.0,188.0,85.0,273.0,1723.0,1993,4
400,1993-05-01,1568.0,93.0,833.0,180.0,85.0,261.0,1704.0,1993,5
401,1993-06-01,1520.0,79.0,833.0,186.0,86.0,272.0,1691.0,1993,6
402,1993-07-01,1441.0,78.0,823.0,184.0,85.0,267.0,1668.0,1993,7
403,1993-08-01,1528.0,78.0,823.0,184.0,83.0,262.0,1673.0,1993,8
404,1993-09-01,1471.0,78.0,831.0,184.0,85.0,263.0,1667.0,1993,9
405,1993-10-01,1610.0,78.0,829.0,188.0,85.0,261.0,1669.0,1993,10
406,1993-11-01,1670.0,82.0,835.0,192.0,83.0,259.0,1673.0,1993,11
407,1993-12-01,1671.0,81.0,829.0,193.0,80.0,248.0,1663.0,1993,12
408,1994-01-01,1658.0,77.0,854.0,187.0,76.0,255.0,1669.0,1994,1
409,1994-02-01,1597.0,82.0,852.0,187.0,76.0,254.0,1663.0,1994,2
410,1994-03-01,1583.0,82.0,852.0,188.0,76.0,263.0,1660.0,1994,3
411,1994-04-01,1504.0,79.0,842.0,183.0,76.0,249.0,1646.0,1994,4
412,1994-05-01,1578.0,83.0,839.0,180.0,77.0,256.0,1634.0,1994,5
413,1994-06-01,1517.0,79.0,858.0,177.0,76.0,256.0,1611.0,1994,6
414,1994-07-01,1495.0,77.0,828.0,177.0,75.0,241.0,1596.0,1994,7
415,1994-08-01,1500.0,77.0,855.0,178.0,75.0,244.0,1592.0,1994,8
416,1994-09-01,1514.0,77.0,879.0,178.0,75.0,244.0,1589.0,1994,9
417,1994-10-01,1604.0,75.0,874.0,174.0,75.0,238.0,1577.0,1994,10
418,1994-11-01,1518.0,75.0,888.0,176.0,75.0,242.0,1592.0,1994,11
419,1994-12-01,1636.0,78.0,897.0,180.0,75.0,250.0,1595.0,1994,12
420,1995-01-01,1575.0,83.0,917.0,172.0,78.0,239.0,1582.0,1995,1
421,1995-02-01,1578.0,83.0,938.0,176.0,78.0,252.0,1578.0,1995,2
422,1995-03-01,1525.0,83.0,913.0,176.0,80.0,245.0,1562.0,1995,3
423,1995-04-01,1511.0,81.0,947.0,176.0,84.0,242.0,1557.0,1995,4
424,1995-05-01,1518.0,78.0,988.0,180.0,81.0,239.0,1539.0,1995,5
425,1995-06-01,1484.0,72.0,968.0,178.0,78.0,242.0,1520.0,1995,6
426,1995-07-01,1401.0,73.0,982.0,178.0,78.0,233.0,1506.0,1995,7
427,1995-08-01,1432.0,73.0,921.0,182.0,80.0,239.0,1504.0,1995,8
428,1995-09-01,1377.0,73.0,964.0,174.0,81.0,232.0,1504.0,1995,9
429,1995-10-01,1475.0,71.0,840.0,174.0,81.0,240.0,1520.0,1995,10
430,1995-11-01,1472.0,76.0,976.0,177.0,82.0,243.0,1524.0,1995,11
431,1995-12-01,1466.0,75.0,967.0,177.0,82.0,232.0,1508.0,1995,12
432,1996-01-01,1444.0,70.0,1000.0,177.0,83.0,240.0,1507.0,1996,1
433,1996-02-01,1482.0,71.0,1006.0,177.0,83.0,238.0,1502.0,1996,2
434,1996-03-01,1454.0,69.0,995.0,179.0,86.0,240.0,1521.0,1996,3
435,1996-04-01,1367.0,71.0,972.0,177.0,87.0,245.0,1513.0,1996,4
436,1996-05-01,1341.0,67.0,997.0,171.0,87.0,237.0,1497.0,1996,5
437,1996-06-01,1419.0,69.0,989.0,174.0,89.0,233.0,1480.0,1996,6
438,1996-07-01,1317.0,69.0,1003.0,177.0,91.0,228.0,1466.0,1996,7
439,1996-08-01,1327.0,65.0,1015.0,184.0,91.0,231.0,1458.0,1996,8
440,1996-09-01,1401.0,68.0,1036.0,171.0,92.0,227.0,1468.0,1996,9
441,1996-10-01,1379.0,68.0,1058.0,177.0,93.0,234.0,1473.0,1996,10
442,1996-11-01,1403.0,65.0,1079.0,176.0,89.0,211.0,1460.0,1996,11
443,1996-12-01,1392.0,65.0,1100.0,174.0,88.0,236.0,1471.0,1996,12
444,1997-01-01,1380.0,70.0,1046.0,192.0,89.0,226.0,1456.0,1997,1
445,1997-02-01,1384.0,72.0,1078.0,197.0,93.0,231.0,1491.0,1997,2
446,1997-03-01,1331.0,73.0,1073.0,195.0,92.0,240.0,1479.0,1997,3
447,1997-04-01,1330.0,73.0,1075.0,197.0,94.0,229.0,1482.0,1997,4
448,1997-05-01,1303.0,69.0,1102.0,196.0,99.0,237.0,1472.0,1997,5
449,1997-06-01,1260.0,71.0,1145.0,178.0,99.0,233.0,1471.0,1997,6
450,1997-07-01,1238.0,68.0,1125.0,191.0,99.0,232.0,1461.0,1997,7
451,1997-08-01,1200.0,68.0,1135.0,192.0,100.0,224.0,1452.0,1997,8
452,1997-09-01,1276.0,69.0,1170.0,190.0,101.0,224.0,1466.0,1997,9
453,1997-10-01,1286.0,66.0,1185.0,190.0,103.0,223.0,1469.0,1997,10
454,1997-11-01,1278.0,69.0,1195.0,190.0,104.0,219.0,1482.0,1997,11
455,1997-12-01,1290.0,74.0,1220.0,187.0,103.0,221.0,1462.0,1997,12
456,1998-01-01,1229.0,66.0,1245.0,221.0,101.0,220.0,1481.0,1998,1
457,1998-02-01,1238.0,67.0,1217.0,195.0,97.0,228.0,1475.0,1998,2
458,1998-03-01,1221.0,66.0,1246.0,213.0,98.0,214.0,1456.0,1998,3
459,1998-04-01,1200.0,64.0,1300.0,209.0,101.0,227.0,1434.0,1998,4
460,1998-05-01,1173.0,63.0,1281.0,201.0,100.0,224.0,1410.0,1998,5
461,1998-06-01,1135.0,61.0,1264.0,195.0,99.0,211.0,1387.0,1998,6
462,1998-07-01,1155.0,59.0,1248.0,184.0,96.0,214.0,1346.0,1998,7
463,1998-08-01,1133.0,60.0,1297.0,176.0,96.0,212.0,1347.0,1998,8
464,1998-09-01,1093.0,60.0,938.0,186.0,95.0,210.0,1340.0,1998,9
465,1998-10-01,1197.0,54.0,1225.0,198.0,96.0,202.0,1328.0,1998,10
466,1998-11-01,1168.0,57.0,1223.0,200.0,96.0,200.0,1324.0,1998,11
467,1998-12-01,1160.0,60.0,1249.0,200.0,93.0,189.0,1272.0,1998,12
468,1999-01-01,1164.0,54.0,1261.0,175.0,91.0,195.0,1264.0,1999,1
469,1999-02-01,1104.0,52.0,1259.0,177.0,91.0,202.0,1266.0,1999,2
470,1999-03-01,1134.0,54.0,1248.0,179.0,91.0,202.0,1244.0,1999,3
471,1999-04-01,1056.0,49.0,1323.0,181.0,91.0,200.0,1235.0,1999,4
472,1999-05-01,1088.0,49.0,1328.0,179.0,91.0,196.0,1231.0,1999,5
473,1999-06-01,967.0,51.0,1352.0,177.0,91.0,192.0,1205.0,1999,6
474,1999-07-01,990.0,49.0,1389.0,176.0,90.0,187.0,1206.0,1999,7
475,1999-08-01,1011.0,50.0,1362.0,178.0,88.0,189.0,1197.0,1999,8
476,1999-09-01,933.0,49.0,1396.0,178.0,88.0,189.0,1215.0,1999,9
477,1999-10-01,1068.0,50.0,1423.0,173.0,90.0,183.0,1229.0,1999,10
478,1999-11-01,1023.0,49.0,1446.0,172.0,89.0,194.0,1239.0,1999,11
479,1999-12-01,1058.0,50.0,1451.0,172.0,90.0,192.0,1241.0,1999,12
480,2000-01-01,1024.0,53.0,1324.0,189.0,89.0,189.0,1234.0,2000,1
481,2000-02-01,1031.0,52.0,1354.0,190.0,91.0,207.0,1242.0,2000,2
482,2000-03-01,1013.0,52.0,1428.0,187.0,91.0,197.0,1234.0,2000,3
483,2000-04-01,1008.0,51.0,1392.0,188.0,91.0,195.0,1228.0,2000,4
484,2000-05-01,966.0,51.0,1433.0,188.0,90.0,193.0,1213.0,2000,5
485,2000-06-01,925.0,50.0,1462.0,184.0,90.0,191.0,1208.0,2000,6
486,2000-07-01,913.0,50.0,1430.0,182.0,89.0,189.0,1197.0,2000,7
487,2000-08-01,914.0,50.0,1460.0,179.0,88.0,184.0,1199.0,2000,8
488,2000-09-01,892.0,50.0,1462.0,180.0,89.0,201.0,1196.0,2000,9
489,2000-10-01,966.0,50.0,1466.0,177.0,90.0,180.0,1194.0,2000,10
490,2000-11-01,986.0,49.0,1468.0,179.0,88.0,187.0,1195.0,2000,11
491,2000-12-01,1010.0,49.0,1472.0,180.0,88.0,183.0,1199.0,2000,12
492,2001-01-01,980.0,48.0,1484.0,187.0,89.0,186.0,1194.0,2001,1
493,2001-02-01,977.0,46.0,1436.0,192.0,89.0,190.0,1188.0,2001,2
494,2001-03-01,1009.0,46.0,1500.0,187.0,88.0,201.0,1181.0,2001,3
495,2001-04-01,986.0,46.0,1514.0,190.0,88.0,198.0,1182.0,2001,4
496,2001-05-01,957.0,46.0,1547.0,189.0,88.0,190.0,1168.0,2001,5
497,2001-06-01,935.0,45.0,1537.0,184.0,86.0,194.0,1154.0,2001,6
498,2001-07-01,927.0,45.0,1547.0,182.0,86.0,182.0,1153.0,2001,7
499,2001-08-01,928.0,45.0,1525.0,186.0,86.0,179.0,1149.0,2001,8
500,2001-09-01,892.0,44.0,1563.0,185.0,86.0,183.0,1138.0,2001,9
501,2001-10-01,895.0,44.0,1574.0,188.0,86.0,186.0,1154.0,2001,10
502,2001-11-01,1023.0,44.0,1590.0,185.0,85.0,183.0,1142.0,2001,11
503,2001-12-01,1046.0,44.0,1600.0,181.0,85.0,182.0,1149.0,2001,12
504,2002-01-01,1036.0,56.0,1582.0,187.0,85.0,186.0,1144.0,2002,1
505,2002-02-01,1031.0,56.0,1589.0,187.0,86.0,179.0,1141.0,2002,2
506,2002-03-01,1036.0,56.0,1595.0,184.0,85.0,185.0,1126.0,2002,3
507,2002-04-01,1009.0,57.0,1593.0,188.0,84.0,190.0,1122.0,2002,4
508,2002-05-01,1002.0,56.0,1669.0,187.0,84.0,188.0,1116.0,2002,5
509,2002-06-01,1019.0,55.0,1669.0,182.0,83.0,184.0,1099.0,2002,6
510,2002-07-01,931.0,54.0,1641.0,181.0,83.0,182.0,1093.0,2002,7
511,2002-08-01,965.0,55.0,1645.0,179.0,85.0,181.0,1096.0,2002,8
512,2002-09-01,886.0,57.0,1361.0,189.0,85.0,179.0,1097.0,2002,9
513,2002-10-01,983.0,57.0,1243.0,184.0,84.0,177.0,1096.0,2002,10
514,2002-11-01,908.0,57.0,1518.0,188.0,84.0,183.0,1108.0,2002,11
515,2002-12-01,1011.0,59.0,1550.0,187.0,83.0,170.0,1105.0,2002,12
516,2003-01-01,984.0,58.0,1582.0,184.0,82.0,188.0,1108.0,2003,1
517,2003-02-01,1015.0,58.0,1600.0,183.0,83.0,171.0,1109.0,2003,2
518,2003-03-01,1022.0,57.0,1602.0,184.0,82.0,186.0,1115.0,2003,3
519,2003-04-01,971.0,59.0,1571.0,181.0,80.0,187.0,1109.0,2003,4
520,2003-05-01,990.0,58.0,1530.0,181.0,79.0,179.0,1098.0,2003,5
521,2003-06-01,991.0,59.0,1543.0,181.0,80.0,178.0,1085.0,2003,6
522,2003-07-01,927.0,58.0,1462.0,182.0,80.0,177.0,1083.0,2003,7
523,2003-08-01,945.0,58.0,1533.0,181.0,80.0,172.0,1082.0,2003,8
524,2003-09-01,964.0,61.0,1520.0,182.0,81.0,174.0,1095.0,2003,9
525,2003-10-01,967.0,60.0,1526.0,182.0,79.0,174.0,1099.0,2003,10
526,2003-11-01,963.0,59.0,1481.0,184.0,80.0,168.0,1095.0,2003,11
527,2003-12-01,956.0,61.0,1500.0,184.0,81.0,177.0,1096.0,2003,12
528,2004-01-01,976.0,59.0,1525.0,186.0,79.0,174.0,1090.0,2004,1
529,2004-02-01,933.0,61.0,1553.0,182.0,80.0,173.0,1093.0,2004,2
530,2004-03-01,979.0,63.0,1528.0,181.0,82.0,180.0,1089.0,2004,3
531,2004-04-01,950.0,63.0,1513.0,179.0,83.0,177.0,1082.0,2004,4
532,2004-05-01,942.0,63.0,1528.0,179.0,84.0,180.0,1072.0,2004,5
533,2004-06-01,919.0,63.0,1437.0,175.0,84.0,166.0,1057.0,2004,6
534,2004-07-01,811.0,61.0,1632.0,173.0,84.0,175.0,1057.0,2004,7
535,2004-08-01,701.0,62.0,1567.0,173.0,86.0,177.0,1059.0,2004,8
536,2004-09-01,869.0,61.0,1177.0,172.0,87.0,176.0,1067.0,2004,9
537,2004-10-01,935.0,61.0,1189.0,172.0,88.0,174.0,1067.0,2004,10
538,2004-11-01,947.0,61.0,1415.0,173.0,91.0,165.0,1069.0,2004,11
539,2004-12-01,942.0,61.0,1484.0,170.0,93.0,179.0,1074.0,2004,12
540,2005-01-01,918.0,61.0,1492.0,173.0,90.0,164.0,1088.0,2005,1
541,2005-02-01,917.0,63.0,1494.0,172.0,93.0,173.0,1097.0,2005,2
542,2005-03-01,921.0,63.0,1562.0,171.0,95.0,179.0,1098.0,2005,3
543,2005-04-01,893.0,62.0,1574.0,169.0,94.0,176.0,1090.0,2005,4
544,2005-05-01,893.0,66.0,1623.0,169.0,93.0,172.0,1079.0,2005,5
545,2005-06-01,831.0,64.0,1563.0,167.0,96.0,145.0,1070.0,2005,6
546,2005-07-01,778.0,62.0,1448.0,163.0,98.0,173.0,1061.0,2005,7
547,2005-08-01,836.0,65.0,1358.0,163.0,100.0,142.0,1065.0,2005,8
548,2005-09-01,815.0,64.0,466.0,161.0,101.0,175.0,1038.0,2005,9
549,2005-10-01,862.0,65.0,690.0,169.0,103.0,173.0,1070.0,2005,10
550,2005-11-01,872.0,66.0,951.0,164.0,105.0,174.0,1080.0,2005,11
551,2005-12-01,836.0,62.0,1133.0,163.0,104.0,168.0,1073.0,2005,12
552,2006-01-01,832.0,63.0,1200.0,167.0,98.0,175.0,1085.0,2006,1
553,2006-02-01,821.0,65.0,1171.0,167.0,103.0,169.0,1087.0,2006,2
554,2006-03-01,752.0,68.0,1208.0,164.0,105.0,179.0,1087.0,2006,3
555,2006-04-01,800.0,67.0,1234.0,162.0,103.0,174.0,1079.0,2006,4
556,2006-05-01,801.0,69.0,1291.0,164.0,109.0,177.0,1070.0,2006,5
557,2006-06-01,781.0,67.0,1328.0,162.0,111.0,178.0,1065.0,2006,6
558,2006-07-01,681.0,68.0,1373.0,160.0,109.0,178.0,1062.0,2006,7
559,2006-08-01,621.0,68.0,1393.0,148.0,111.0,175.0,1058.0,2006,8
560,2006-09-01,655.0,68.0,1318.0,164.0,112.0,177.0,1071.0,2006,9
561,2006-10-01,714.0,70.0,1333.0,163.0,113.0,175.0,1079.0,2006,10
562,2006-11-01,655.0,69.0,1328.0,169.0,114.0,171.0,1084.0,2006,11
563,2006-12-01,785.0,64.0,1333.0,165.0,114.0,181.0,1078.0,2006,12
564,2007-01-01,772.0,61.0,1337.0,162.0,114.0,159.0,1058.0,2007,1
565,2007-02-01,753.0,64.0,1325.0,166.0,116.0,172.0,1078.0,2007,2
566,2007-03-01,746.0,71.0,1276.0,163.0,117.0,178.0,1080.0,2007,3
567,2007-04-01,745.0,74.0,1339.0,164.0,118.0,179.0,1083.0,2007,4
568,2007-05-01,765.0,74.0,1353.0,161.0,120.0,179.0,1072.0,2007,5
569,2007-06-01,714.0,73.0,1305.0,160.0,121.0,172.0,1058.0,2007,6
570,2007-07-01,716.0,72.0,1267.0,158.0,123.0,176.0,1059.0,2007,7
571,2007-08-01,644.0,74.0,1259.0,161.0,124.0,173.0,1064.0,2007,8
572,2007-09-01,639.0,72.0,1184.0,160.0,126.0,185.0,1069.0,2007,9
573,2007-10-01,698.0,76.0,1271.0,163.0,128.0,146.0,1072.0,2007,10
574,2007-11-01,740.0,77.0,1183.0,165.0,130.0,178.0,1084.0,2007,11
575,2007-12-01,735.0,72.0,1287.0,165.0,135.0,171.0,1087.0,2007,12
576,2008-01-01,711.0,73.0,1304.0,163.0,137.0,188.0,1094.0,2008,1
577,2008-02-01,706.0,77.0,1338.0,166.0,137.0,165.0,1104.0,2008,2
578,2008-03-01,726.0,80.0,1312.0,166.0,143.0,189.0,1114.0,2008,3
579,2008-04-01,701.0,81.0,1315.0,162.0,150.0,191.0,1113.0,2008,4
580,2008-05-01,685.0,81.0,1298.0,162.0,155.0,188.0,1110.0,2008,5
581,2008-06-01,655.0,82.0,1326.0,161.0,165.0,186.0,1097.0,2008,6
582,2008-07-01,640.0,81.0,1372.0,163.0,172.0,184.0,1111.0,2008,7
583,2008-08-01,544.0,82.0,1272.0,163.0,178.0,188.0,1110.0,2008,8
584,2008-09-01,681.0,88.0,242.0,157.0,189.0,186.0,1055.0,2008,9
585,2008-10-01,716.0,86.0,803.0,169.0,203.0,185.0,1125.0,2008,10
586,2008-11-01,728.0,87.0,1090.0,171.0,214.0,181.0,1141.0,2008,11
587,2008-12-01,702.0,83.0,1197.0,171.0,201.0,176.0,1134.0,2008,12
588,2009-01-01,679.0,85.0,1281.0,171.0,188.0,176.0,1133.0,2009,1
589,2009-02-01,708.0,87.0,1323.0,175.0,192.0,194.0,1128.0,2009,2
590,2009-03-01,709.0,86.0,1355.0,173.0,195.0,183.0,1118.0,2009,3
591,2009-04-01,653.0,82.0,1465.0,166.0,197.0,186.0,1110.0,2009,4
592,2009-05-01,678.0,82.0,1553.0,167.0,206.0,189.0,1089.0,2009,5
593,2009-06-01,571.0,83.0,1561.0,163.0,215.0,192.0,1071.0,2009,6
594,2009-07-01,551.0,81.0,1735.0,160.0,228.0,183.0,1063.0,2009,7
595,2009-08-01,572.0,82.0,1734.0,164.0,232.0,183.0,1067.0,2009,8
596,2009-09-01,652.0,83.0,1752.0,165.0,238.0,186.0,1081.0,2009,9
597,2009-10-01,659.0,81.0,1725.0,168.0,241.0,182.0,1081.0,2009,10
598,2009-11-01,662.0,85.0,1563.0,173.0,247.0,183.0,1102.0,2009,11
599,2009-12-01,655.0,82.0,1680.0,167.0,242.0,173.0,1091.0,2009,12
600,2010-01-01,640.0,86.0,1655.0,170.0,235.0,167.0,1099.0,2010,1
601,2010-02-01,635.0,88.0,1711.0,179.0,260.0,187.0,1121.0,2010,2
602,2010-03-01,646.0,88.0,1600.0,180.0,276.0,193.0,1137.0,2010,3
603,2010-04-01,640.0,88.0,1481.0,175.0,284.0,194.0,1137.0,2010,4
604,2010-05-01,571.0,89.0,1536.0,178.0,298.0,187.0,1146.0,2010,5
605,2010-06-01,534.0,86.0,1543.0,176.0,313.0,189.0,1139.0,2010,6
606,2010-07-01,545.0,83.0,1434.0,179.0,320.0,191.0,1152.0,2010,7
607,2010-08-01,538.0,93.0,1555.0,180.0,328.0,191.0,1168.0,2010,8
608,2010-09-01,614.0,96.0,1587.0,178.0,342.0,193.0,1191.0,2010,9
609,2010-10-01,618.0,95.0,1565.0,186.0,342.0,197.0,1215.0,2010,10
610,2010-11-01,606.0,97.0,1482.0,190.0,356.0,211.0,1244.0,2010,11
611,2010-12-01,612.0,98.0,1491.0,188.0,343.0,208.0,1279.0,2010,12
612,2011-01-01,464.0,94.0,1561.0,191.0,342.0,204.0,1281.0,2011,1
613,2011-02-01,611.0,98.0,1412.0,164.0,347.0,180.0,1228.0,2011,2
614,2011-03-01,611.0,105.0,1389.0,194.0,359.0,225.0,1337.0,2011,3
615,2011-04-01,606.0,107.0,1346.0,194.0,350.0,221.0,1349.0,2011,4
616,2011-05-01,582.0,106.0,1373.0,193.0,362.0,223.0,1393.0,2011,5
617,2011-06-01,553.0,108.0,1325.0,193.0,384.0,227.0,1401.0,2011,6
618,2011-07-01,453.0,106.0,1211.0,197.0,424.0,224.0,1437.0,2011,7
619,2011-08-01,526.0,111.0,1272.0,200.0,444.0,225.0,1491.0,2011,8
620,2011-09-01,585.0,114.0,1090.0,201.0,462.0,233.0,1538.0,2011,9
621,2011-10-01,566.0,115.0,1291.0,201.0,489.0,239.0,1596.0,2011,10
622,2011-11-01,593.0,118.0,1278.0,212.0,509.0,247.0,1661.0,2011,11
623,2011-12-01,592.0,117.0,1257.0,208.0,533.0,245.0,1690.0,2011,12
624,2012-01-01,593.0,121.0,1307.0,217.0,546.0,256.0,1727.0,2012,1
625,2012-02-01,582.0,123.0,1326.0,217.0,557.0,255.0,1773.0,2012,2
626,2012-03-01,567.0,127.0,1375.0,219.0,579.0,255.0,1801.0,2012,3
627,2012-04-01,552.0,123.0,1266.0,223.0,609.0,256.0,1871.0,2012,4
628,2012-05-01,546.0,132.0,1195.0,224.0,641.0,269.0,1914.0,2012,5
629,2012-06-01,493.0,127.0,1114.0,228.0,662.0,264.0,1950.0,2012,6
630,2012-07-01,415.0,130.0,1252.0,237.0,674.0,279.0,1999.0,2012,7
631,2012-08-01,404.0,133.0,1098.0,236.0,702.0,287.0,2056.0,2012,8
632,2012-09-01,502.0,140.0,1178.0,245.0,726.0,284.0,2091.0,2012,9
633,2012-10-01,547.0,154.0,1327.0,251.0,747.0,302.0,2156.0,2012,10
634,2012-11-01,553.0,160.0,1373.0,253.0,733.0,304.0,2221.0,2012,11
635,2012-12-01,556.0,161.0,1378.0,254.0,766.0,299.0,2234.0,2012,12
636,2013-01-01,549.0,156.0,1332.0,254.0,736.0,315.0,2275.0,2013,1
637,2013-02-01,541.0,162.0,1315.0,258.0,778.0,278.0,2337.0,2013,2
638,2013-03-01,533.0,163.0,1253.0,259.0,783.0,324.0,2390.0,2013,3
639,2013-04-01,523.0,168.0,1336.0,278.0,790.0,339.0,2425.0,2013,4
640,2013-05-01,515.0,166.0,1201.0,281.0,808.0,338.0,2497.0,2013,5
641,2013-06-01,486.0,169.0,1122.0,285.0,821.0,345.0,2534.0,2013,6
642,2013-07-01,493.0,179.0,1238.0,287.0,869.0,336.0,2584.0,2013,7
643,2013-08-01,428.0,189.0,1185.0,291.0,908.0,364.0,2618.0,2013,8
644,2013-09-01,511.0,189.0,1319.0,299.0,931.0,368.0,2672.0,2013,9
645,2013-10-01,521.0,209.0,1177.0,301.0,941.0,374.0,2693.0,2013,10
646,2013-11-01,536.0,215.0,1303.0,286.0,974.0,350.0,2696.0,2013,11
647,2013-12-01,546.0,209.0,1285.0,299.0,927.0,352.0,2784.0,2013,12
648,2014-01-01,542.0,211.0,1304.0,307.0,935.0,386.0,2845.0,2014,1
649,2014-02-01,515.0,215.0,1331.0,319.0,947.0,361.0,2900.0,2014,2
650,2014-03-01,530.0,232.0,1322.0,323.0,971.0,389.0,2964.0,2014,3
651,2014-04-01,537.0,237.0,1425.0,332.0,999.0,353.0,3051.0,2014,4
652,2014-05-01,524.0,253.0,1413.0,334.0,1034.0,409.0,3071.0,2014,5
653,2014-06-01,485.0,263.0,1412.0,332.0,1086.0,406.0,3145.0,2014,6
654,2014-07-01,422.0,270.0,1428.0,346.0,1109.0,426.0,3221.0,2014,7
655,2014-08-01,398.0,283.0,1435.0,348.0,1127.0,424.0,3275.0,2014,8
656,2014-09-01,477.0,281.0,1422.0,339.0,1178.0,435.0,3287.0,2014,9
657,2014-10-01,500.0,291.0,1428.0,371.0,1176.0,448.0,3362.0,2014,10
658,2014-11-01,513.0,295.0,1389.0,377.0,1181.0,443.0,3452.0,2014,11
659,2014-12-01,515.0,309.0,1452.0,382.0,1221.0,448.0,3547.0,2014,12
660,2015-01-01,500.0,316.0,1452.0,368.0,1184.0,447.0,3441.0,2015,1
661,2015-02-01,488.0,324.0,1456.0,394.0,1171.0,421.0,3555.0,2015,2
662,2015-03-01,506.0,330.0,1380.0,419.0,1182.0,480.0,3617.0,2015,3
663,2015-04-01,510.0,336.0,1504.0,427.0,1165.0,476.0,3568.0,2015,4
664,2015-05-01,473.0,338.0,1404.0,427.0,1196.0,462.0,3508.0,2015,5
665,2015-06-01,447.0,335.0,1413.0,416.0,1204.0,466.0,3454.0,2015,6
666,2015-07-01,450.0,342.0,1567.0,406.0,1200.0,446.0,3442.0,2015,7
667,2015-08-01,408.0,346.0,1630.0,416.0,1181.0,443.0,3407.0,2015,8
668,2015-09-01,472.0,339.0,1661.0,416.0,1155.0,450.0,3407.0,2015,9
669,2015-10-01,497.0,343.0,1579.0,408.0,1166.0,453.0,3389.0,2015,10
670,2015-11-01,523.0,339.0,1524.0,414.0,1174.0,440.0,3386.0,2015,11
671,2015-12-01,522.0,329.0,1605.0,359.0,1145.0,456.0,3319.0,2015,12
672,2016-01-01,516.0,330.0,1593.0,379.0,1114.0,454.0,3339.0,2016,1
673,2016-02-01,507.0,325.0,1550.0,407.0,1112.0,403.0,3301.0,2016,2
674,2016-03-01,511.0,318.0,1612.0,406.0,1104.0,441.0,3256.0,2016,3
675,2016-04-01,489.0,318.0,1574.0,405.0,1035.0,414.0,3221.0,2016,4
676,2016-05-01,505.0,310.0,1593.0,393.0,1040.0,431.0,3165.0,2016,5
677,2016-06-01,470.0,308.0,1551.0,389.0,1021.0,425.0,3143.0,2016,6
678,2016-07-01,438.0,320.0,1568.0,392.0,1023.0,414.0,3139.0,2016,7
679,2016-08-01,460.0,322.0,1618.0,392.0,976.0,418.0,3139.0,2016,8
680,2016-09-01,453.0,320.0,1509.0,401.0,966.0,413.0,3125.0,2016,9
681,2016-10-01,496.0,319.0,1607.0,408.0,1037.0,424.0,3159.0,2016,10
682,2016-11-01,514.0,313.0,1683.0,416.0,1026.0,428.0,3168.0,2016,11
683,2016-12-01,521.0,301.0,1736.0,420.0,935.0,417.0,3166.0,2016,12
684,2017-01-01,518.0,294.0,1751.0,419.0,976.0,407.0,3196.0,2017,1
685,2017-02-01,515.0,293.0,1754.0,442.0,1025.0,413.0,3308.0,2017,2
686,2017-03-01,526.0,307.0,1774.0,442.0,1016.0,441.0,3317.0,2017,3
687,2017-04-01,525.0,326.0,1665.0,445.0,1040.0,430.0,3323.0,2017,4
688,2017-05-01,508.0,333.0,1686.0,462.0,1027.0,432.0,3403.0,2017,5
689,2017-06-01,461.0,330.0,1631.0,443.0,1023.0,454.0,3436.0,2017,6
690,2017-07-01,423.0,346.0,1757.0,447.0,1040.0,448.0,3462.0,2017,7
691,2017-08-01,451.0,374.0,1722.0,459.0,1079.0,462.0,3366.0,2017,8
692,2017-09-01,482.0,399.0,1693.0,500.0,1094.0,464.0,3549.0,2017,9
693,2017-10-01,507.0,409.0,1482.0,523.0,1171.0,485.0,3760.0,2017,10
694,2017-11-01,510.0,421.0,1698.0,528.0,1183.0,505.0,3886.0,2017,11
695,2017-12-01,512.0,436.0,1569.0,555.0,1164.0,496.0,3930.0,2017,12
696,2018-01-01,508.0,432.0,1638.0,541.0,1163.0,526.0,3897.0,2018,1
697,2018-02-01,513.0,423.0,1713.0,584.0,1161.0,509.0,4024.0,2018,2
698,2018-03-01,512.0,430.0,1705.0,615.0,1147.0,554.0,4185.0,2018,3
699,2018-04-01,497.0,445.0,1603.0,644.0,1209.0,533.0,4235.0,2018,4
700,2018-05-01,496.0,443.0,1536.0,645.0,1230.0,532.0,4242.0,2018,5
701,2018-06-01,451.0,423.0,1664.0,655.0,1216.0,513.0,4374.0,2018,6
702,2018-07-01,395.0,436.0,1867.0,664.0,1258.0,529.0,4413.0,2018,7
703,2018-08-01,428.0,478.0,1955.0,713.0,1279.0,582.0,4575.0,2018,8
704,2018-09-01,471.0,489.0,1798.0,735.0,1343.0,553.0,4674.0,2018,9
705,2018-10-01,487.0,506.0,1752.0,775.0,1376.0,577.0,4695.0,2018,10
706,2018-11-01,497.0,526.0,1951.0,795.0,1362.0,579.0,4809.0,2018,11
707,2018-12-01,496.0,527.0,1921.0,822.0,1386.0,607.0,4861.0,2018,12
708,2019-01-01,496.0,510.0,1917.0,810.0,1385.0,592.0,4808.0,2019,1
709,2019-02-01,488.0,498.0,1737.0,828.0,1320.0,554.0,4878.0,2019,2
710,2019-03-01,481.0,481.0,1925.0,862.0,1377.0,589.0,4868.0,2019,3
711,2019-04-01,475.0,497.0,1963.0,871.0,1374.0,611.0,4972.0,2019,4
712,2019-05-01,474.0,511.0,1914.0,895.0,1376.0,594.0,5008.0,2019,5
713,2019-06-01,455.0,530.0,1923.0,885.0,1407.0,588.0,5047.0,2019,6
714,2019-07-01,448.0,522.0,1531.0,889.0,1429.0,589.0,5107.0,2019,7
715,2019-08-01,382.0,535.0,2044.0,935.0,1462.0,570.0,5169.0,2019,8
716,2019-09-01,449.0,533.0,1915.0,986.0,1426.0,624.0,5243.0,2019,9
717,2019-10-01,475.0,568.0,1913.0,994.0,1498.0,619.0,5332.0,2019,10
718,2019-11-01,484.0,577.0,2001.0,1049.0,1499.0,588.0,5403.0,2019,11
719,2019-12-01,481.0,557.0,1980.0,1056.0,1458.0,611.0,5444.0,2019,12
720,2020-01-01,482.0,540.0,1988.0,1066.0,1413.0,558.0,5450.0,2020,1
721,2020-02-01,477.0,527.0,1995.0,1087.0,1438.0,557.0,5404.0,2020,2
722,2020-03-01,470.0,518.0,1976.0,1125.0,1421.0,546.0,5449.0,2020,3
723,2020-04-01,463.0,512.0,1911.0,1023.0,1210.0,482.0,5122.0,2020,4
724,2020-05-01,404.0,469.0,1605.0,847.0,851.0,321.0,4225.0,2020,5
725,2020-06-01,361.0,461.0,1559.0,945.0,885.0,469.0,4598.0,2020,6
726,2020-07-01,444.0,469.0,1657.0,991.0,1033.0,491.0,4713.0,2020,7
727,2020-08-01,444.0,466.0,1190.0,1005.0,1155.0,460.0,4664.0,2020,8
728,2020-09-01,442.0,440.0,1539.0,1015.0,1210.0,443.0,4626.0,2020,9
729,2020-10-01,459.0,418.0,1072.0,1065.0,1217.0,427.0,4631.0,2020,10
730,2020-11-01,464.0,411.0,1722.0,1090.0,1213.0,470.0,4647.0,2020,11
731,2020-12-01,463.0,397.0,1817.0,1052.0,1178.0,446.0,4628.0,2020,12
732,2021-01-01,458.0,392.0,1810.0,1088.0,1135.0,437.0,4629.0,2021,1
733,2021-02-01,457.0,388.0,1795.0,976.0,1072.0,307.0,3775.0,2021,2
734,2021-03-01,453.0,385.0,1879.0,1152.0,1097.0,424.0,4779.0,2021,3
735,2021-04-01,446.0,416.0,1795.0,1166.0,1111.0,418.0,4780.0,2021,4
736,2021-05-01,443.0,423.0,1816.0,1215.0,1119.0,414.0,4780.0,2021,5
737,2021-06-01,440.0,408.0,1783.0,1246.0,1125.0,403.0,4777.0,2021,6
738,2021-07-01,380.0,411.0,1848.0,1272.0,1069.0,396.0,4839.0,2021,7
739,2021-08-01,409.0,418.0,1552.0,1341.0,1098.0,394.0,4890.0,2021,8
740,2021-09-01,430.0,434.0,1060.0,1326.0,1103.0,424.0,4988.0,2021,9
741,2021-10-01,437.0,460.0,1678.0,1324.0,1101.0,412.0,4995.0,2021,10
742,2021-11-01,446.0,455.0,1772.0,1354.0,1151.0,404.0,5021.0,2021,11
743,2021-12-01,451.0,453.0,1693.0,1329.0,1135.0,418.0,5030.0,2021,12
744,2022-01-01,450.0,436.0,1680.0,1366.0,1079.0,400.0,4946.0,2022,1
745,2022-02-01,450.0,445.0,1613.0,1419.0,1083.0,387.0,4704.0,2022,2
746,2022-03-01,440.0,450.0,1685.0,1494.0,1117.0,408.0,5030.0,2022,3
747,2022-04-01,442.0,447.0,1754.0,1544.0,899.0,417.0,5076.0,2022,4
748,2022-05-01,447.0,440.0,1607.0,1561.0,1050.0,433.0,5029.0,2022,5
749,2022-06-01,419.0,433.0,1735.0,1554.0,1087.0,419.0,4975.0,2022,6
750,2022-07-01,432.0,433.0,1727.0,1590.0,1061.0,407.0,4979.0,2022,7
751,2022-08-01,413.0,437.0,1761.0,1609.0,1062.0,414.0,5092.0,2022,8
752,2022-09-01,430.0,438.0,1824.0,1686.0,1112.0,417.0,5211.0,2022,9
753,2022-10-01,435.0,442.0,1789.0,1730.0,1108.0,425.0,5233.0,2022,10
754,2022-11-01,445.0,451.0,1797.0,1725.0,1088.0,441.0,5220.0,2022,11
755,2022-12-01,447.0,413.0,1788.0,1773.0,950.0,414.0,5195.0,2022,12
756,2023-01-01,448.0,429.0,1903.0,1808.0,1049.0,432.0,5318.0,2023,1
757,2023-02-01,446.0,420.0,1828.0,1799.0,1128.0,422.0,5306.0,2023,2
758,2023-03-01,435.0,433.0,1874.0,1840.0,1094.0,434.0,5454.0,2023,3
759,2023-04-01,434.0,451.0,1736.0,1860.0,1108.0,440.0,5408.0,2023,4
760,2023-05-01,430.0,456.0,1708.0,1806.0,1122.0,444.0,5500.0,2023,5
761,2023-06-01,423.0,461.0,1856.0,1770.0,1160.0,440.0,5556.0,2023,6
762,2023-07-01,397.0,452.0,1929.0,1781.0,1174.0,438.0,5628.0,2023,7
